raw_x,raw_y,raw_z,raw_yaw,filt_x,filt_y,filt_z,filt_yaw
2.66462,-0.504262,0.441493,-1.53812,2.66462,-0.504262,0.441493,-1.53812
2.82653,-0.553291,0.465977,-1.503,2.82637,-0.553242,0.465953,-1.50933
2.9443,-0.593507,0.481158,1.68751,2.95036,-0.594708,0.48244,-1.46316
3.15183,-0.647837,0.513769,-1.48624,3.13851,-0.645957,0.51127,-1.46633
3.10959,-0.0914816,0.496347,-1.74981,3.15331,-0.225477,0.505222,-1.61891
2.87917,-0.100048,0.463116,-1.68502,2.95736,-0.0752016,0.473926,-1.66928
2.72272,-0.117129,0.442858,-1.70388,2.75503,-0.0665538,0.446076,-1.70611
2.5916,-0.128713,0.420791,-1.65241,2.59266,-0.0975515,0.42119,-1.70712
2.4748,-0.138127,0.404811,-1.69303,2.46515,-0.126554,0.403025,-1.72148
2.38562,-0.148615,0.382177,1.43471,2.37194,-0.146671,0.382238,-1.73513
2.28625,-0.158101,0.375386,-1.68544,2.28043,-0.15946,0.372281,-1.73732
2.28229,-0.173943,0.377378,-1.64577,2.2596,-0.173975,0.373065,-1.72656
2.18056,-0.195083,0.360881,-1.66232,2.18675,-0.193614,0.362483,-1.72222
2.21392,-0.213235,0.366938,-1.61978,2.19337,-0.212795,0.364053,-1.70736
2.16145,-0.224708,0.359987,-1.61939,2.16387,-0.226204,0.360377,-1.69505
2.18961,-0.245224,0.365205,-1.62788,2.17797,-0.244419,0.363417,-1.68676
2.18106,-0.258919,0.362962,-1.61574,2.18,-0.259508,0.363205,-1.67702
2.10525,-0.268427,0.351284,-1.62723,2.12214,-0.269988,0.353982,-1.67116
2.16879,-0.293521,0.362897,-1.59775,2.15047,-0.291067,0.359647,-1.66009
2.16114,-0.315995,0.360906,-1.624,2.15956,-0.314391,0.360911,-1.6557
2.25574,-0.347618,0.377241,-1.58735,2.23574,-0.344913,0.373866,-1.64491
2.34595,-0.374019,0.3892,-1.58218,2.33228,-0.373519,0.387646,-1.63458
2.31552,-0.389571,0.386001,-1.55624,2.33678,-0.392234,0.388988,-1.62093
2.43273,-0.426503,0.405278,-1.56972,2.41866,-0.423821,0.402831,-1.61137
2.56825,-0.467291,0.421174,1.6409,2.54882,-0.463817,0.419426,-1.59118
2.63345,-0.495414,0.436818,-1.54689,2.63778,-0.496245,0.43611,-1.5812
2.77727,-0.535852,0.457306,-1.56211,2.76725,-0.534495,0.456081,-1.57502
2.90672,-0.582386,0.472215,1.65999,2.90145,-0.579814,0.472704,-1.55653
3.16913,-0.649663,0.512819,1.65088,3.13761,-0.643387,0.507702,-1.54166
3.88011,-0.0667455,0.61115,-1.72672,3.75709,-0.208344,0.59426,-1.56644
3.58628,-0.0767188,0.569137,-1.67062,3.72621,-0.0515348,0.589061,-1.58023
3.2762,-0.0831896,0.522113,-1.70982,3.41246,-0.0333311,0.541979,-1.59914
3.01627,-0.0923001,0.484588,-1.71869,3.07596,-0.0599241,0.492907,-1.61781
2.83298,-0.101881,0.459095,-1.68449,2.83007,-0.0886456,0.45819,-1.62943
2.72465,-0.115132,0.440606,-1.69614,2.69228,-0.11163,0.436492,-1.64174
2.61107,-0.126227,0.423826,-1.66795,2.5886,-0.127048,0.420558,-1.64842
2.47319,-0.134249,0.404123,-1.70023,2.46902,-0.13634,0.403247,-1.65933
2.34055,-0.14414,0.381117,-1.70886,2.34128,-0.145106,0.381932,-1.67041
2.29142,-0.154781,0.375649,-1.65091,2.27419,-0.154869,0.372526,-1.67126
2.283,-0.171476,0.374278,-1.6388,2.26077,-0.169969,0.370833,-1.66982
2.22776,-0.184187,0.358318,1.52819,2.22543,-0.183929,0.359702,-1.66427
2.21204,-0.200262,0.365028,-1.632,2.20642,-0.199652,0.361757,-1.6618
2.18697,-0.214818,0.363453,-1.61972,2.18536,-0.214758,0.362545,-1.65743
2.18892,-0.23176,0.363879,-1.60825,2.18292,-0.231317,0.363482,-1.65146
2.18058,-0.252931,0.361578,-1.60864,2.17874,-0.251664,0.362095,-1.64592
2.16621,-0.269038,0.360061,-1.59662,2.16752,-0.269321,0.360362,-1.63888
2.18429,-0.289199,0.357156,1.57786,2.17841,-0.288787,0.357577,-1.62729
2.21241,-0.308285,0.368913,-1.5796,2.20546,-0.308153,0.365876,-1.61913
2.17147,-0.321958,0.362629,-1.58634,2.18304,-0.323165,0.364298,-1.61276
2.24228,-0.349185,0.373881,-1.55492,2.22748,-0.347082,0.371884,-1.60217
2.27476,-0.37001,0.377017,-1.57527,2.26965,-0.369596,0.376963,-1.59576
2.40727,-0.408445,0.401996,-1.5399,2.38433,-0.404658,0.397507,-1.58459
2.445,-0.432831,0.405532,-1.55598,2.45017,-0.43323,0.406981,-1.57707
2.50872,-0.459335,0.414542,-1.51852,2.51191,-0.460009,0.415409,-1.56463
2.68491,-0.510732,0.443803,-1.52299,2.66094,-0.505569,0.43959,-1.55421
2.85725,-0.557701,0.465511,-1.51967,2.8394,-0.554666,0.463847,-1.54449
3.03688,-0.6172,0.497477,-1.47138,3.02722,-0.613271,0.494873,-1.52846
3.31599,-0.689178,0.543016,-1.46156,3.29044,-0.684111,0.538392,-1.51265
3.62643,-0.0665452,0.576216,-1.74819,3.60239,-0.219311,0.576094,-1.54311
3.45613,-0.0786819,0.551944,-1.73952,3.55156,-0.0522238,0.565771,-1.57017
3.13523,-0.0845768,0.502268,-1.76095,3.24601,-0.0318728,0.518369,-1.59855
2.84581,-0.0985639,0.459464,-1.72642,2.90053,-0.0631152,0.466912,-1.61928
2.77105,-0.111294,0.449496,-1.73887,2.73918,-0.0967774,0.444119,-1.64012
2.66072,-0.121034,0.433306,-1.69315,2.6325,-0.118752,0.428994,-1.65191
2.53105,-0.132023,0.415785,-1.6947,2.52134,-0.133283,0.414052,-1.66266
2.43749,-0.143588,0.399884,-1.70681,2.42844,-0.144917,0.399186,-1.67403
2.31415,-0.152254,0.379525,-1.69415,2.3162,-0.153619,0.380389,-1.68209
2.26428,-0.174778,0.373843,-1.65166,2.25138,-0.172398,0.371358,-1.68248
2.23706,-0.188929,0.370149,-1.65106,2.22184,-0.188713,0.367645,-1.6823
2.21286,-0.203724,0.367337,-1.62597,2.20365,-0.203952,0.365816,-1.67786
2.20397,-0.21846,0.359609,1.54965,2.19704,-0.218692,0.360131,-1.66815
2.1264,-0.235242,0.353751,-1.62506,2.13865,-0.234907,0.354064,-1.6641
2.18087,-0.255566,0.362096,-1.60293,2.16203,-0.254468,0.359031,-1.65673
2.13037,-0.266659,0.354979,-1.60874,2.13701,-0.267979,0.356074,-1.65071
2.18458,-0.291852,0.36571,-1.59842,2.17032,-0.289929,0.363218,-1.64348
2.21349,-0.312557,0.363434,1.58439,2.20696,-0.311823,0.364233,-1.63039
2.25405,-0.336819,0.378305,-1.57987,2.24973,-0.335902,0.37562,-1.62189
2.30101,-0.360295,0.383972,-1.56165,2.2978,-0.359947,0.38384,-1.61134
2.28292,-0.375248,0.381488,-1.54241,2.29605,-0.377103,0.383818,-1.5988
2.40889,-0.411579,0.402872,-1.54826,2.38718,-0.408258,0.399301,-1.58837
2.47788,-0.440473,0.414131,-1.54734,2.47141,-0.439231,0.413197,-1.5789
2.60486,-0.480419,0.434658,-1.52335,2.59187,-0.477754,0.43268,-1.56677
2.72927,-0.520223,0.451176,-1.53868,2.72154,-0.518532,0.450799,-1.55833
2.83572,-0.556255,0.465296,-1.53662,2.83686,-0.556428,0.465994,-1.55063
3.08789,-0.624037,0.51052,-1.4693,3.05781,-0.61743,0.504157,-1.53349
3.28314,-0.685537,0.538841,-1.46228,3.27307,-0.681947,0.537696,-1.51709
3.15702,-0.0861034,0.506307,-1.71381,3.22823,-0.233029,0.520514,-1.54155
2.96677,-0.0975016,0.480006,-1.71548,3.03686,-0.0716937,0.489531,-1.56471
2.87741,-0.109984,0.464337,-1.69381,2.89145,-0.0574348,0.46592,-1.58287
2.69895,-0.119672,0.43902,-1.70303,2.71376,-0.0866342,0.440236,-1.60109
2.58624,-0.131495,0.418926,-1.68315,2.57947,-0.117993,0.418313,-1.61472
2.5359,-0.145506,0.409725,1.48306,2.51352,-0.142285,0.406551,-1.62331
2.36771,-0.155813,0.388741,-1.67478,2.37884,-0.157251,0.389137,-1.63354
2.2585,-0.16491,0.369804,-1.68404,2.25865,-0.166983,0.370354,-1.64416
2.25561,-0.181406,0.37253,-1.62552,2.22939,-0.180981,0.367998,-1.64457
2.19672,-0.192696,0.363058,-1.66871,2.18956,-0.19308,0.362267,-1.65137
2.21295,-0.211443,0.367627,-1.63253,2.19662,-0.210155,0.364901,-1.65173
2.16028,-0.222923,0.360253,-1.63831,2.16506,-0.223499,0.361061,-1.65268
2.18892,-0.243471,0.365361,-1.63348,2.17795,-0.242159,0.363781,-1.65255
2.13857,-0.254229,0.357143,-1.6208,2.14697,-0.25531,0.358763,-1.65022
2.10463,-0.266735,0.352342,-1.63303,2.10971,-0.267448,0.353146,-1.64977
2.14816,-0.289077,0.360761,-1.60364,2.13273,-0.287166,0.358039,-1.64461
2.16016,-0.305933,0.360275,-1.617,2.15451,-0.305568,0.360047,-1.64179
2.25478,-0.339607,0.377844,-1.58619,2.23547,-0.335991,0.374236,-1.63431
2.28508,-0.359056,0.383479,-1.58117,2.28627,-0.359612,0.383497,-1.62658
2.36366,-0.390845,0.394757,-1.55497,2.35806,-0.389307,0.394314,-1.6154
2.38499,-0.409303,0.396978,-1.56238,2.39335,-0.411012,0.398671,-1.60632
2.5481,-0.461671,0.424267,-1.53877,2.52386,-0.455698,0.420019,-1.59441
2.59031,-0.487285,0.431254,-1.55471,2.59733,-0.488415,0.432236,-1.5861
2.77699,-0.534642,0.459394,-1.56156,2.75531,-0.531955,0.456342,-1.57973
2.88282,-0.57666,0.478423,-1.5364,2.88309,-0.575587,0.477954,-1.57021
3.08494,-0.63005,0.506474,-1.54306,3.06843,-0.627298,0.504784,-1.56276
3.2485,-0.679509,0.53059,-1.52076,3.24468,-0.678564,0.530308,-1.55275
3.92091,-0.0636442,0.618251,-1.73884,3.80769,-0.212677,0.604175,-1.57771
3.49552,-0.0721806,0.556867,-1.72074,3.65745,-0.0443195,0.57977,-1.59809
3.24147,-0.0804935,0.519196,-1.70932,3.35,-0.0262242,0.53423,-1.61512
3.04161,-0.0913749,0.487999,-1.72856,3.07465,-0.0563037,0.4927,-1.63373
2.81422,-0.0995463,0.454898,-1.68277,2.82087,-0.0859894,0.455485,-1.64357
2.74189,-0.113285,0.443374,-1.69736,2.70472,-0.109721,0.437924,-1.65466
2.55297,-0.121907,0.415008,-1.65828,2.5497,-0.123417,0.41456,-1.65853
2.49652,-0.13379,0.402353,1.4703,2.47271,-0.134992,0.399717,-1.6638
2.30867,-0.154667,0.379042,-1.65875,2.32098,-0.153215,0.379552,-1.66642
2.26379,-0.168775,0.370285,-1.65165,2.24632,-0.168933,0.367996,-1.66742
2.18309,-0.177695,0.360294,-1.63049,2.17524,-0.179302,0.358739,-1.66478
2.157,-0.194535,0.356658,-1.64254,2.14278,-0.193931,0.354579,-1.66398
2.17656,-0.210836,0.361275,-1.61259,2.15742,-0.210143,0.358213,-1.65837
2.15171,-0.224064,0.357558,-1.60651,2.15048,-0.224368,0.357593,-1.6521
2.2068,-0.248384,0.367203,-1.60256,2.19225,-0.246282,0.364921,-1.64559
2.19191,-0.262268,0.363543,-1.59712,2.19695,-0.262961,0.364804,-1.63869
2.15669,-0.277382,0.359785,-1.61607,2.16829,-0.278098,0.361265,-1.63526
2.15839,-0.294134,0.360546,-1.58589,2.15769,-0.294149,0.360362,-1.62743
2.19751,-0.317508,0.366085,-1.58651,2.186,-0.315875,0.364544,-1.62037
2.22596,-0.337635,0.370992,-1.57471,2.21987,-0.337133,0.370018,-1.61214
2.30239,-0.371875,0.381557,-1.56194,2.28964,-0.368701,0.379903,-1.60272
2.39259,-0.404532,0.400992,-1.53343,2.3813,-0.402617,0.397981,-1.5898
2.38019,-0.417691,0.396193,-1.56284,2.39757,-0.421335,0.399735,-1.58272
2.53391,-0.462534,0.417155,-1.54029,2.51225,-0.458597,0.414715,-1.57298
2.66461,-0.504259,0.440564,-1.5387,2.64961,-0.501186,0.43739,-1.56408
2.82653,-0.553291,0.465977,-1.503,2.81313,-0.550228,0.463692,-1.55069
2.9712,-0.596461,0.489152,-1.509,2.96837,-0.596164,0.48865,-1.53969
3.14774,-0.647,0.513666,-1.47676,3.14148,-0.645812,0.513501,-1.52499
3.46612,-0.727779,0.561324,-1.44465,3.43026,-0.720176,0.556125,-1.50697
3.69368,-0.0650417,0.586086,-1.76302,3.68852,-0.226251,0.587352,-1.54032
3.44577,-0.0770266,0.551621,-1.75883,3.5565,-0.0485201,0.567012,-1.57075
3.18023,-0.0845641,0.51065,-1.78279,3.26847,-0.0280278,0.523379,-1.60261
3.00142,-0.0953746,0.484318,-1.75317,3.0234,-0.0585883,0.487142,-1.62728
2.86563,-0.106324,0.467041,-1.72815,2.85271,-0.0913493,0.464279,-1.64588
2.75948,-0.117647,0.44889,-1.72236,2.73821,-0.114566,0.446379,-1.66176
2.6124,-0.129029,0.420288,1.49458,2.6085,-0.130059,0.421365,-1.66428
2.43555,-0.136019,0.399987,-1.71333,2.44406,-0.138468,0.399497,-1.67647
2.37045,-0.148697,0.388975,-1.71724,2.35267,-0.14903,0.386284,-1.68786
2.25995,-0.161566,0.373713,-1.67144,2.25487,-0.161224,0.372756,-1.69075
2.22967,-0.175591,0.369026,-1.68976,2.21186,-0.175001,0.36654,-1.69579
2.19873,-0.188582,0.364808,-1.64979,2.18665,-0.188447,0.363052,-1.69377
2.20214,-0.205546,0.359403,1.53613,2.18936,-0.204687,0.358908,-1.68461
2.20439,-0.22281,0.367544,-1.6136,2.19777,-0.222128,0.36453,-1.67711
2.12647,-0.232902,0.353859,-1.62553,2.14233,-0.23419,0.356599,-1.6718
2.15444,-0.250524,0.351936,1.55733,2.1441,-0.249956,0.352032,-1.6603
2.19274,-0.270752,0.366206,-1.6103,2.17911,-0.269453,0.362035,-1.65364
2.16777,-0.287489,0.362828,-1.585,2.17404,-0.287423,0.363631,-1.64353
2.19674,-0.307301,0.366791,-1.59872,2.19241,-0.306854,0.366683,-1.63635
2.22546,-0.329226,0.373547,-1.57992,2.22086,-0.328432,0.37266,-1.62688
2.27371,-0.358618,0.381588,-1.58143,2.26685,-0.356448,0.380658,-1.6185
2.39556,-0.394356,0.390929,1.61511,2.37495,-0.391483,0.390138,-1.60242
2.39618,-0.411648,0.398926,-1.54854,2.40941,-0.414112,0.398842,-1.59127
2.41141,-0.430482,0.400431,-1.54867,2.42269,-0.43263,0.402001,-1.58131
2.60144,-0.481786,0.433097,-1.50834,2.56776,-0.475569,0.42731,-1.56621
2.69043,-0.513837,0.445273,-1.54676,2.68527,-0.513004,0.445169,-1.55867
2.90661,-0.571904,0.478475,-1.52763,2.88178,-0.56684,0.474982,-1.54917
3.02453,-0.612974,0.495991,-1.51581,3.02907,-0.613169,0.496908,-1.53904
3.20332,-0.663263,0.524012,-1.47493,3.19865,-0.662479,0.523128,-1.52383
3.12551,-0.0882808,0.498882,-1.71302,3.1785,-0.227795,0.509926,-1.54728
2.92296,-0.098403,0.471745,-1.69605,2.99174,-0.0721688,0.480684,-1.56661
2.87235,-0.114177,0.465826,-1.71104,2.87806,-0.0619456,0.465305,-1.58695
2.55033,-0.126747,0.412718,-1.67402,2.60003,-0.0941349,0.4209,-1.60001
2.51217,-0.143097,0.411406,-1.68795,2.48458,-0.129475,0.406056,-1.61417
2.37184,-0.14979,0.388794,-1.71091,2.36288,-0.149038,0.387718,-1.63065
2.27316,-0.164179,0.366719,1.46799,2.26328,-0.164943,0.36699,-1.63982
2.28102,-0.180043,0.378621,-1.65857,2.25173,-0.180455,0.37145,-1.64569
2.25521,-0.195163,0.373711,-1.64564,2.24299,-0.195468,0.372035,-1.6488
2.22896,-0.210611,0.362965,1.52326,2.22644,-0.210674,0.364622,-1.64716
2.18697,-0.223177,0.364292,-1.63284,2.19135,-0.223802,0.363206,-1.64764
2.20462,-0.242877,0.359934,1.52495,2.19511,-0.241733,0.360021,-1.64535
2.18078,-0.255553,0.363286,-1.60908,2.18196,-0.256129,0.361867,-1.64186
2.13944,-0.267426,0.357751,-1.62784,2.14638,-0.268295,0.358658,-1.6414
2.16824,-0.288458,0.363263,-1.61657,2.15746,-0.286928,0.361786,-1.63909
2.19673,-0.309922,0.367909,-1.59209,2.18715,-0.308482,0.366791,-1.63304
2.22615,-0.331785,0.373284,-1.58644,2.22117,-0.330958,0.372613,-1.62653
2.2734,-0.355863,0.381535,-1.58096,2.26781,-0.355068,0.380637,-1.61965
2.27458,-0.373473,0.380101,-1.56916,2.28183,-0.374512,0.381748,-1.61151
2.39552,-0.409226,0.393301,1.62288,2.37537,-0.406118,0.391458,-1.59625
2.43181,-0.432777,0.406073,-1.55557,2.43403,-0.432946,0.404416,-1.58807
2.64742,-0.494456,0.441611,-1.53813,2.61342,-0.486734,0.435678,-1.57803
2.73028,-0.5246,0.452202,-1.53758,2.73401,-0.525833,0.453711,-1.56894
2.86499,-0.56919,0.473875,-1.54514,2.86379,-0.568609,0.473853,-1.56203
3.11024,-0.63459,0.512899,-1.52389,3.08373,-0.629213,0.508655,-1.55268
3.23732,-0.674698,0.529446,-1.49231,3.24417,-0.67646,0.531303,-1.5395
3.54811,-0.0706327,0.563198,-1.75604,3.51802,-0.217545,0.561687,-1.56867
3.28573,-0.0797647,0.524306,-1.68182,3.39008,-0.0522165,0.539038,-1.58423
3.04287,-0.0885363,0.48746,-1.77356,3.12357,-0.0350078,0.498399,-1.61288
2.87129,-0.0999528,0.462451,-1.71124,2.89251,-0.0653504,0.464708,-1.62951
2.70269,-0.109509,0.437455,-1.68656,2.69986,-0.0959473,0.436695,-1.64079
2.60394,-0.120985,0.420771,-1.69851,2.5814,-0.118129,0.417832,-1.65277
2.55202,-0.133573,0.418031,-1.66542,2.52524,-0.134219,0.41287,-1.65835
2.42791,-0.145303,0.396563,-1.69216,2.42904,-0.146621,0.397544,-1.66731
2.25491,-0.155251,0.370284,-1.69762,2.27272,-0.156495,0.373256,-1.67604
2.2335,-0.168312,0.366428,-1.66462,2.21264,-0.168253,0.363414,-1.67859
2.23855,-0.18564,0.3682,-1.63124,2.21297,-0.184361,0.364009,-1.67538
2.18484,-0.198632,0.362063,-1.63061,2.18348,-0.198656,0.361365,-1.67199
2.17686,-0.214194,0.361324,-1.61276,2.17132,-0.213923,0.36053,-1.66582
2.1521,-0.229769,0.351069,1.55086,2.15201,-0.229557,0.352762,-1.65651
2.19036,-0.249425,0.364128,-1.58338,2.1774,-0.248412,0.360352,-1.64664
2.18194,-0.265513,0.356851,1.56423,2.1827,-0.2656,0.358194,-1.63655
2.16735,-0.282456,0.363954,-1.59078,2.17221,-0.282556,0.362586,-1.62933
2.18507,-0.301958,0.364862,-1.58594,2.1813,-0.301441,0.364922,-1.62199
2.22595,-0.330051,0.372494,-1.58681,2.21684,-0.327715,0.371339,-1.61545
2.25342,-0.350539,0.37572,-1.55487,2.25044,-0.350606,0.375827,-1.60459
2.27559,-0.371885,0.378125,-1.58909,2.27658,-0.372267,0.378648,-1.60008
2.39644,-0.408019,0.400297,-1.55508,2.37573,-0.404976,0.396235,-1.59086
2.4997,-0.444875,0.415393,-1.55506,2.48787,-0.442343,0.413812,-1.58259
2.56395,-0.471883,0.426013,-1.50968,2.56846,-0.472872,0.42674,-1.56821
2.66004,-0.507481,0.440286,-1.51548,2.65894,-0.506866,0.440367,-1.5562
2.82416,-0.557162,0.46609,-1.49452,2.80707,-0.553321,0.463404,-1.54228
2.99026,-0.604269,0.491656,-1.48207,2.97724,-0.602101,0.489674,-1.52796
3.17163,-0.654916,0.518858,-1.47565,3.16226,-0.653356,0.517606,-1.51427
3.7571,-0.0724892,0.599658,-1.73116,3.66241,-0.2137,0.587149,-1.54184
3.39998,-0.0787149,0.545543,-1.71595,3.54227,-0.0531327,0.566673,-1.56523
3.14836,-0.0873486,0.506127,-1.73372,3.25275,-0.0359534,0.521498,-1.58971
2.95221,-0.0972016,0.478692,-1.75013,2.98625,-0.0640796,0.48281,-1.61481
2.73712,-0.115176,0.446709,-1.71294,2.74352,-0.10001,0.447375,-1.63201
2.53053,-0.128315,0.41094,-1.69557,2.5258,-0.125438,0.411365,-1.64489
2.44306,-0.139158,0.403092,-1.68495,2.41137,-0.140912,0.397004,-1.65479
2.36222,-0.150863,0.382237,1.46322,2.33801,-0.152631,0.380487,-1.66253
2.24764,-0.159536,0.372839,-1.67708,2.24413,-0.16115,0.370322,-1.66907
2.23998,-0.172906,0.364378,1.45076,2.21881,-0.172669,0.36267,-1.67683
2.19988,-0.187005,0.36659,-1.63667,2.19204,-0.186302,0.36348,-1.67517
2.22805,-0.206538,0.370962,-1.64566,2.21161,-0.204845,0.368526,-1.67466
2.16067,-0.216364,0.360786,-1.61932,2.1715,-0.217426,0.362915,-1.66976
2.15195,-0.233229,0.35971,-1.62609,2.15062,-0.232828,0.359814,-1.66603
2.12823,-0.246856,0.355896,-1.60178,2.12817,-0.247042,0.356111,-1.65858
2.10495,-0.264276,0.352855,-1.61464,2.1051,-0.263656,0.352819,-1.65354
2.1848,-0.293553,0.36555,-1.59766,2.16181,-0.290388,0.361948,-1.64614
2.19731,-0.312428,0.368576,-1.59898,2.19511,-0.312523,0.368047,-1.63947
2.22596,-0.333467,0.374588,-1.58026,2.22584,-0.333763,0.374329,-1.6304
2.27215,-0.357389,0.374184,1.61116,2.26863,-0.356944,0.375547,-1.61436
2.27954,-0.374704,0.38142,-1.52273,2.28561,-0.375785,0.380789,-1.59851
2.37565,-0.405798,0.395948,-1.54097,2.36112,-0.403621,0.393534,-1.58697
2.44532,-0.435604,0.405589,-1.5557,2.43897,-0.434016,0.405014,-1.57891
2.57707,-0.476731,0.429713,-1.50132,2.56165,-0.47349,0.426576,-1.56336
2.68716,-0.513223,0.448771,-1.53056,2.68186,-0.512184,0.447681,-1.55396
2.81911,-0.552493,0.46308,-1.54542,2.81369,-0.551817,0.464029,-1.54801
3.06575,-0.621264,0.505706,-1.48721,3.03716,-0.614378,0.500316,-1.53392
3.30527,-0.689491,0.542452,-1.44165,3.28662,-0.684595,0.539511,-1.51434
3.12542,-0.0858861,0.50237,-1.71255,3.21182,-0.234337,0.518591,-1.53888
2.92098,-0.0971206,0.471939,-1.70391,2.99553,-0.071852,0.482612,-1.56053
2.87228,-0.111977,0.466819,-1.71055,2.87397,-0.0589226,0.465522,-1.58172
2.71772,-0.1222,0.440055,-1.72061,2.72601,-0.0890735,0.441541,-1.60285
2.57507,-0.136043,0.413352,1.49588,2.57824,-0.122255,0.414745,-1.61062
2.44006,-0.144579,0.398109,-1.70009,2.43887,-0.142843,0.396253,-1.62607
2.32124,-0.154136,0.381484,-1.65216,2.31601,-0.155694,0.380088,-1.63266
2.28946,-0.168056,0.37659,-1.67228,2.26629,-0.168637,0.373329,-1.64159
2.22673,-0.18087,0.369511,-1.63805,2.21744,-0.181205,0.367865,-1.64423
2.23671,-0.198402,0.371328,-1.65803,2.21863,-0.197465,0.36883,-1.64948
2.18652,-0.209756,0.364119,-1.61912,2.18852,-0.210363,0.364635,-1.64799
2.17688,-0.225845,0.363366,-1.63213,2.17334,-0.225449,0.362867,-1.64837
2.21723,-0.249174,0.371094,-1.62238,2.20292,-0.247118,0.368703,-1.64698
2.19134,-0.260511,0.365868,-1.62207,2.19624,-0.261745,0.367088,-1.64543
2.10524,-0.268426,0.352899,-1.62724,2.12562,-0.27058,0.356087,-1.64461
2.15861,-0.291575,0.355614,1.56513,2.14155,-0.289501,0.354218,-1.63583
2.19732,-0.312429,0.367636,-1.59853,2.18323,-0.310904,0.363787,-1.63105
2.25538,-0.344881,0.379879,-1.58739,2.24429,-0.341601,0.377253,-1.62487
2.30307,-0.368457,0.386873,-1.57461,2.30023,-0.368327,0.386941,-1.61717
2.30164,-0.386657,0.38381,-1.543,2.313,-0.388499,0.386704,-1.60522
2.4451,-0.428073,0.408784,-1.5621,2.42179,-0.424281,0.404657,-1.59727
2.5163,-0.457908,0.417607,-1.56205,2.51245,-0.457245,0.41748,-1.59009
2.65108,-0.498273,0.441293,-1.55459,2.63916,-0.496265,0.438792,-1.5825
2.77148,-0.539974,0.460635,-1.52964,2.76662,-0.538315,0.459759,-1.57185
2.88516,-0.578133,0.476086,-1.54471,2.88569,-0.578132,0.476861,-1.56465
3.11553,-0.63805,0.511467,-1.54286,3.09086,-0.633544,0.507778,-1.55802
3.34323,-0.700136,0.54735,-1.52135,3.32519,-0.696268,0.544294,-1.54888
3.84851,-0.0639509,0.608371,-1.71245,3.77828,-0.218566,0.60127,-1.57045
3.4,-0.0721179,0.541733,-1.7155,3.56511,-0.0446314,0.5657,-1.59099
3.20463,-0.079005,0.512664,-1.73588,3.28758,-0.0240024,0.523828,-1.61313
2.87123,-0.097755,0.463447,-1.71075,2.92743,-0.059966,0.470971,-1.62952
2.80235,-0.111972,0.454643,-1.7241,2.76666,-0.0969478,0.448731,-1.6465
2.61975,-0.120168,0.426227,-1.69912,2.60585,-0.118709,0.424498,-1.65798
2.43087,-0.131449,0.39582,-1.67593,2.42984,-0.133029,0.396294,-1.66462
2.44472,-0.149635,0.402102,-1.67922,2.40163,-0.149601,0.394621,-1.67089
2.34034,-0.157691,0.385491,-1.65301,2.33472,-0.159582,0.384901,-1.67222
2.26377,-0.168774,0.372021,-1.65166,2.26298,-0.169523,0.372551,-1.67289
2.22653,-0.183315,0.367671,-1.63762,2.21838,-0.182678,0.366157,-1.671
2.15807,-0.194638,0.357665,-1.63006,2.15912,-0.194713,0.357677,-1.6678
2.16025,-0.211364,0.358128,-1.61871,2.14704,-0.210352,0.35613,-1.66284
2.16205,-0.228089,0.359825,-1.60123,2.15198,-0.227313,0.358046,-1.65537
2.21782,-0.250943,0.369393,-1.6092,2.20112,-0.249213,0.366741,-1.64958
2.16534,-0.26064,0.360743,-1.60875,2.17932,-0.262465,0.363234,-1.64411
2.19388,-0.282648,0.365833,-1.60388,2.18997,-0.281646,0.365218,-1.63826
2.18552,-0.303693,0.365037,-1.58638,2.18772,-0.302747,0.365336,-1.63016
2.22493,-0.328962,0.372329,-1.57341,2.21675,-0.32753,0.370879,-1.62074
2.25523,-0.350041,0.375726,-1.57553,2.25064,-0.350117,0.375443,-1.61249
2.256,-0.366485,0.375674,-1.5619,2.261,-0.367902,0.37656,-1.60293
2.34414,-0.397713,0.39254,-1.54128,2.32934,-0.395446,0.389477,-1.59111
2.43131,-0.42812,0.403083,-1.5552,2.4193,-0.426284,0.402002,-1.58265
2.56134,-0.471037,0.417876,1.67125,2.54604,-0.467363,0.416798,-1.56197
2.66284,-0.50597,0.440742,-1.53064,2.66044,-0.505413,0.438366,-1.55266
2.78303,-0.545828,0.458858,-1.50423,2.78047,-0.54513,0.45838,-1.54042
3.06956,-0.618592,0.504602,-1.49749,3.03089,-0.610817,0.498583,-1.52856
3.20348,-0.659702,0.522706,-1.47493,3.20923,-0.661117,0.52449,-1.51463
3.6876,-0.0677546,0.587101,-1.77301,3.62209,-0.212452,0.579414,-1.54859
3.52397,-0.0788718,0.565425,-1.74306,3.61869,-0.0520098,0.578546,-1.57556
3.11372,-0.0833626,0.503337,-1.73996,3.25479,-0.0322501,0.523968,-1.60004
2.99753,-0.0975392,0.485466,-1.76228,3.01629,-0.0630186,0.488102,-1.626
2.89883,-0.109178,0.472321,-1.71193,2.87738,-0.0952882,0.468616,-1.64189
2.69364,-0.116433,0.440325,-1.71927,2.6972,-0.114726,0.441178,-1.65737
2.55022,-0.12781,0.415734,-1.67481,2.54385,-0.128718,0.415545,-1.66435
2.46198,-0.142636,0.406411,-1.69212,2.44404,-0.142927,0.402655,-1.67308
2.31683,-0.150664,0.382633,-1.68068,2.31754,-0.152203,0.383096,-1.67892
2.28974,-0.164571,0.376734,-1.67258,2.26783,-0.164344,0.373916,-1.68262
2.28101,-0.180043,0.380371,-1.65858,2.26029,-0.179176,0.376014,-1.68345
2.21003,-0.190873,0.367041,-1.64397,2.21333,-0.191313,0.368205,-1.68155
2.21105,-0.208809,0.367781,-1.65215,2.20204,-0.207741,0.366478,-1.68074
2.1868,-0.221487,0.365203,-1.63314,2.18496,-0.221765,0.364707,-1.67672
2.11072,-0.232342,0.352076,-1.62511,2.12298,-0.233198,0.354361,-1.67152
2.16454,-0.253187,0.36227,-1.60867,2.14504,-0.251529,0.358869,-1.66397
2.15608,-0.269058,0.360876,-1.60916,2.15265,-0.268736,0.360408,-1.65695
2.15729,-0.287386,0.362385,-1.57912,2.15692,-0.286966,0.362145,-1.64574
2.1863,-0.307142,0.366744,-1.59877,2.18056,-0.306578,0.36603,-1.63845
2.28282,-0.340254,0.38387,-1.57947,2.26347,-0.336931,0.380526,-1.62878
2.3011,-0.359308,0.378992,1.61159,2.3054,-0.360091,0.381574,-1.6123
2.28335,-0.378817,0.382342,-1.54213,2.29899,-0.380048,0.383185,-1.59918
2.41024,-0.416329,0.402589,-1.55474,2.3886,-0.413042,0.398856,-1.58931
2.51046,-0.450035,0.419637,-1.53263,2.49668,-0.448145,0.417363,-1.5771
2.65607,-0.494516,0.443146,-1.50699,2.64041,-0.491419,0.440827,-1.56222
2.74579,-0.527114,0.456384,-1.52963,2.74965,-0.527876,0.457455,-1.55245
2.87987,-0.568248,0.476319,-1.52753,2.87633,-0.567601,0.476142,-1.54357
3.05695,-0.620186,0.503082,-1.52532,3.0438,-0.617107,0.501178,-1.53552
3.19531,-0.665383,0.523944,-1.45713,3.1949,-0.664728,0.523877,-1.518
3.1281,-0.0835687,0.50355,-1.70386,3.17682,-0.224305,0.513173,-1.54069
3.03912,-0.0993394,0.491534,-1.73649,3.08067,-0.0711955,0.496895,-1.56703
2.83151,-0.107147,0.456979,-1.6917,2.87837,-0.0562599,0.463898,-1.58455
2.63248,-0.115251,0.42919,-1.72981,2.65642,-0.0832917,0.431667,-1.60666
2.54709,-0.128528,0.413173,-1.6889,2.52909,-0.114782,0.410842,-1.62059
2.4618,-0.140742,0.405535,-1.6924,2.4429,-0.137824,0.401353,-1.63378
2.4005,-0.157063,0.394488,-1.6691,2.38497,-0.157033,0.392634,-1.64208
2.3172,-0.167427,0.381108,-1.68703,2.31471,-0.169394,0.381177,-1.65223
2.26471,-0.180969,0.375651,-1.65227,2.25941,-0.18174,0.374342,-1.65586
2.20865,-0.192437,0.365964,-1.65683,2.20604,-0.19304,0.365914,-1.65959
2.2136,-0.209819,0.368586,-1.61961,2.19915,-0.208773,0.366083,-1.65693
2.17657,-0.222483,0.363314,-1.63196,2.17572,-0.22262,0.363215,-1.65611
2.18985,-0.241911,0.366459,-1.60841,2.18117,-0.240732,0.36506,-1.65145
2.16466,-0.254853,0.361922,-1.61528,2.16695,-0.255391,0.362615,-1.64803
2.15599,-0.272336,0.361123,-1.62735,2.15596,-0.271987,0.361119,-1.64658
2.14219,-0.28746,0.360594,-1.59136,2.1428,-0.287606,0.360375,-1.63952
2.18657,-0.308847,0.365948,-1.61149,2.174,-0.307631,0.364466,-1.63605
2.21542,-0.331503,0.372451,-1.58703,2.20932,-0.330273,0.37113,-1.62901
2.25569,-0.358757,0.379464,-1.56821,2.25137,-0.357075,0.37869,-1.61959
2.30218,-0.383218,0.38419,-1.54882,2.29891,-0.382857,0.384418,-1.60796
2.4427,-0.424757,0.408485,-1.54785,2.42014,-0.421036,0.404443,-1.59722
2.51481,-0.453788,0.419629,-1.5538,2.51394,-0.453878,0.419491,-1.58842
2.64626,-0.495351,0.441058,-1.53181,2.63737,-0.493444,0.439555,-1.57713
2.79415,-0.540587,0.462805,-1.55334,2.78398,-0.538312,0.461636,-1.57034
2.90788,-0.581077,0.481949,-1.52738,2.9099,-0.58086,0.481992,-1.56035
3.05781,-0.625047,0.503035,-1.52418,3.05349,-0.624614,0.502894,-1.55099
3.28206,-0.687218,0.537396,-1.52167,3.26171,-0.682862,0.534305,-1.54234
3.55479,-0.0720334,0.56762,-1.74468,3.52962,-0.220682,0.566258,-1.56936
3.34437,-0.0824615,0.534199,-1.69361,3.43833,-0.0548052,0.548135,-1.58655
3.06061,-0.0901369,0.491564,-1.73856,3.15322,-0.0366743,0.504396,-1.60943
2.83251,-0.0986053,0.456247,-1.70837,2.8685,-0.0644917,0.461117,-1.62576
2.78479,-0.113992,0.451233,-1.69903,2.75062,-0.0988148,0.44522,-1.63918
2.50831,-0.117936,0.410057,-1.69312,2.52587,-0.116754,0.412557,-1.65039
2.48103,-0.130896,0.402971,-1.66407,2.44602,-0.131389,0.398555,-1.6559
2.4451,-0.144886,0.400386,-1.67908,2.41682,-0.14529,0.395501,-1.66299
2.29873,-0.151859,0.377918,-1.63851,2.3101,-0.153625,0.379698,-1.6629
2.22952,-0.164595,0.365958,-1.68281,2.2271,-0.164539,0.366033,-1.66937
2.23917,-0.185694,0.368782,-1.62497,2.21713,-0.183381,0.365126,-1.66605
2.13273,-0.197152,0.352949,-1.6226,2.14275,-0.197589,0.354369,-1.66233
2.18691,-0.216481,0.363812,-1.62602,2.16336,-0.215563,0.359714,-1.65921
2.13613,-0.229425,0.355091,-1.61953,2.13973,-0.230069,0.356086,-1.65514
2.13783,-0.245066,0.355943,-1.58952,2.13405,-0.245151,0.355462,-1.64657
2.13956,-0.26163,0.358499,-1.60207,2.1359,-0.261342,0.357533,-1.64054
2.18416,-0.285103,0.358074,1.56543,2.17266,-0.28332,0.358125,-1.63093
2.18536,-0.301997,0.364071,-1.58586,2.18727,-0.302197,0.362886,-1.6236
2.18756,-0.319787,0.365656,-1.59259,2.19135,-0.320136,0.365744,-1.61797
2.22665,-0.343803,0.373577,-1.57495,2.2208,-0.342625,0.372488,-1.61014
2.30152,-0.370765,0.38289,-1.55553,2.28826,-0.369142,0.381741,-1.60005
2.39507,-0.40915,0.392821,1.62915,2.38224,-0.405635,0.392064,-1.58426
2.46274,-0.438201,0.409306,-1.54069,2.46188,-0.438019,0.407526,-1.57438
2.59695,-0.478969,0.431358,-1.49317,2.58426,-0.476994,0.428944,-1.55822
2.64776,-0.506699,0.439286,-1.53185,2.65713,-0.508179,0.441038,-1.54972
2.83409,-0.555935,0.463446,-1.52879,2.81359,-0.552669,0.461664,-1.54183
3.05835,-0.619769,0.502242,-1.46987,3.03236,-0.613713,0.497231,-1.52585
3.28232,-0.68033,0.537534,-1.46263,3.26747,-0.677249,0.534957,-1.5105
3.76417,-0.0648317,0.600777,-1.77809,3.70105,-0.215407,0.593701,-1.54585
3.57455,-0.0779147,0.572229,-1.70377,3.68099,-0.0507539,0.588068,-1.56721
3.20448,-0.0846412,0.514518,-1.78538,3.33898,-0.0319264,0.534531,-1.59968
3.01273,-0.0944948,0.486766,-1.7268,3.04988,-0.0603084,0.491525,-1.62045
2.89381,-0.10846,0.472099,-1.77249,2.87522,-0.0936895,0.468253,-1.64646
2.76216,-0.116614,0.45077,-1.71341,2.74273,-0.114491,0.448309,-1.66092
2.614,-0.128374,0.427312,-1.65287,2.60728,-0.129283,0.426803,-1.66442
2.46749,-0.136855,0.40561,-1.72233,2.46643,-0.138748,0.405387,-1.678
2.37031,-0.146875,0.390772,-1.71716,2.35997,-0.147748,0.38918,-1.68925
2.28334,-0.157894,0.376564,-1.69828,2.27352,-0.157901,0.375278,-1.69619
2.28304,-0.172257,0.378768,-1.63885,2.25856,-0.171317,0.37448,-1.69286
2.22633,-0.184997,0.368014,-1.64395,2.2228,-0.184654,0.367988,-1.69013
2.21212,-0.206284,0.37051,-1.63893,2.20543,-0.204321,0.368482,-1.68645
2.17698,-0.2192,0.363483,-1.61955,2.17744,-0.21968,0.3641,-1.67972
2.18896,-0.238453,0.364156,-1.62713,2.18025,-0.237832,0.363348,-1.67442
2.16437,-0.251512,0.362241,-1.60859,2.16592,-0.252327,0.362077,-1.66646
2.15573,-0.265716,0.360817,-1.60899,2.15528,-0.26621,0.360764,-1.65904
2.1843,-0.289213,0.365664,-1.59797,2.17527,-0.287318,0.364256,-1.65041
2.16972,-0.301951,0.363988,-1.59861,2.17272,-0.30283,0.364405,-1.64254
2.22477,-0.327234,0.373911,-1.57301,2.21343,-0.325506,0.371939,-1.63134
2.25604,-0.35035,0.377488,-1.58881,2.25219,-0.349342,0.377337,-1.62358
2.28326,-0.371807,0.384464,-1.54822,2.28382,-0.371809,0.384031,-1.61027
2.34401,-0.396888,0.394317,-1.54164,2.33777,-0.396304,0.39338,-1.5972
2.44558,-0.431059,0.407925,-1.56275,2.43163,-0.428582,0.406477,-1.58871
2.53387,-0.462529,0.419095,-1.54029,2.52777,-0.461406,0.418765,-1.57771
2.70191,-0.51652,0.450749,-1.52207,2.68258,-0.511184,0.446234,-1.56511
2.79022,-0.54839,0.459445,-1.52897,2.79495,-0.549594,0.461275,-1.55497
3.05081,-0.617684,0.503253,-1.50681,3.02008,-0.611396,0.497769,-1.54263
3.26078,-0.676434,0.534703,-1.47358,3.24799,-0.673807,0.532946,-1.52659
